,,,,,,,,,,,,?,,Holman,?,?,?,?,,,?,,,,,?,?,?,?,?,?,Clyde River,,,,,,,,,Ritenbenck,?,?,?,?,?,?,,Daneborg,,,,,,,Olonkinbyen,,,,,,,,,,,,,,,,,,,,,,,,,,,,,,,,,,,,,,,,Lagerny,Krestovaya Guba,?,Arkhangelskoye,Mys Zhelaniya,,,,,,,,,,,,,,,,,,,,,,,,,,,,,,,Kotel'niy,,?,,,,,,,,,,,,,,,,
,,,,,,,,,,,,,,,,?,?,?,?,,Gjoa Haven,,?,,,,?,?,?,?,?,?,?,,,,,,Godhavn,,Jakobshavn,?,?,?,?,Scoresbysund,,Myggbukta,,,,,,,,,,,,,,,,,,,,,,,,,,Tromsø,^,Alta,Hammerfest,Honningsvåg,Vadsø,Kirkenes,,,,,,,,,,,,,,,Stolbovoy,?,,,,,,,,,,,,,,,,,,,,,?,?,,Mys Chelyuskina,Mys Dika,,,,,,,,,,,,,,,,,,,,,,,,,,Ushakovskoye,,
,,Utqiagvik,Utqiagvik,,,,,,,,,,,?,?,?,?,Cambridge Bay,?,,,,Spence Bay,?,,,,,,,?,?,Broughton Island,?,,,,,,,Christianshaab,?,?,?,?,^,,,,Ísafjörður,,,,,,,,,,,,,,,,,,,,,,Vågan,Narvik,^,Karesuando,Kautokeino,Kittilä,Karasjok,,^,Pechenga,Kola,,,,,,,,,,,,Belushya Guba,Rogachevo,,,,,,,,,,,,,,,,,?,Ust-Tareya,?,?,?,?,,?,?,?,,,,,,,Sagastyr,?,,,,Yukagir,?,?,Russkoye Ustye,,,,,,,,,,,,,
,Wainwright,Atqasuk,Nuiqsut,Prudhoe Bay,^,^,,Tuktoyaktuk,?,,?,?,,,?,?,,,,,?,,,Pelly Bay,,,Igloolik,,,?,,?,?,?,,,,,,Holsteinsborg,Egedesminde,?,?,?,?,^,,,,,Thingvellir,Hólar,Húsavík,,,,,,,,,,,,,,,,Mosjøen,^,Bodø,^,^,Kiruna,Gällivare,Överkalix,Pajala,Rovaniemi,Sodankylä,Saariselkä,^,Lovozero,Tumanny,Svyatoy Nos,,,,,,,Bugrino,,,,Krasino,Rusanovo,,,,,,Drovyanoy,,?,,Leskino,?,,Dikson,?,?,?,?,?,?,?,?,?,?,,,Novorybnaya,Kozhevnikovo,?,?,?,Ust-Olenyok,Tit-Ary,Tiksi,,?,Nizhneyansk,?,?,Chokurdakh,Yar,Pogashkino,Chaychurgino,Chukochya,,,?,,Pevek,Billings,Leningradsky,,,
Point Hope,^,Noatak,^,^,Arctic Village,Old Crow,^,"Reindeer Station
",?,Paulatuk,?,?,?,,,,,?,,,,?,?,?,?,?,Hall Beach,,,,,?,,Pangnirtung,,?,,,,^,?,?,?,Angmagssalik,Kap Dan,,,,,,Reykjarvík,^,Djúpivogur,,,,,,,,,,,,,,Veøy,Nidaróss,Steinkjer,^,^,Tärnaby,Arjeplog,Arvidsjaur,Luleå,Kalix,Tornio,Kemi,Pudasjärvi,Kuusamo,Kovdor,Kandalaksha,Umba,Varzuga,Ponoy,,,,Shoyna,,,,,,,,,,,,?,Seyakha,,Napalkovo,Yunbey,Gyda,?,Nosok,Karaul,Ust-Port,?,?,Volochanka,?,?,?,?,?,Khatanga,?,?,?,Popigay,?,Saskylakh,Udzha,?,Bulun,Tiksi,?,Kular,Ust-Kuyga,Deputatskiy,?,Druzhina,?,?,?,Nizhnekolymsk,Chersky,Ambarchik,?,Ust-Chaun,?,?,^,Mys Shmidta,,
,,Kotzebue,Ambler,Tanana,Venetie,^,Aklavik,Inuvik,?,Colville Lake,?,?,?,Coppermine,?,Bathurst Inlet,,Bay Chimo,?,?,?,?,?,?,?,Repulse Bay,?,,,Cape Dorset,?,,?,?,,,,,,Sukkertoppen,Anavik,?,?,^,,,,,,,,,,,,,,,,,,,,,,Borgund,Lillehammer,^,^,Åre,Östersund,Sollefteå,Örnsköldsvik,Umeå,Skellefteå,,,Uleåborg,Kajaani,Kuhmo,Ukhta,Chupa,,,,,Ruchyi,,Nizhnyaya Mola,,Indiga,Tobseda,Nelmin-Nos,,,,Amderma,Ust-Kara,?,,Yarono,Novy Port,,,Nakhodka,?,?,?,Dudinka,Norilsk,Kryazhi,Ust-Avam,^,^,?,?,?,?,Khatanga,?,?,?,Kirbey,?,Olenyok,Kuoyka,Kuonara,Zhigansk,Menkere,^,Batagay-Alyta,Batagay,^,?,^,Zashiversk,?,Srednekolymsk,?,?,Bilibino,Aliskerovo,?,?,?,^,?,Enurmino,
Nome,Buckland,Selawik,^,Fairbanks,Fort Yukon,Clinton Creek,^,Fort McPherson,Fort Good Hope,,,,Port Radium,?,?,?,?,?,?,?,?,Baker Lake,?,?,Wager Bay,,,,,,,Lake Harbour,Frobisher Bay,?,,,,,,,Sandnæs,?,^,Prins Christianssund,,,,,,,,,,,,,,,,,,,,,Kaupanger,^,^,Hamar,Elverum,Malung,Falun,Gävle,Selånger,,,,Wasa,Jyväskylä,,Kuopio,Joensuu,Nadvoitsy,Kem,,Purnema,,Soyana,Kamenka,Mezen,Safonovo,Volokovaya,Kotkino,Naryan-Mar,Nosovaya,Varandey,?,?,Vorkuta,^,?,Labytnangi,,,Yamburg,Khalmer-Sede,?,Mangazeya,?,?,Igarka,Svetlogorsk,?,^,?,?,?,Chirinda,Yessey,Ekonda,?,?,?,Aykhal,?,Udachny,Nyurba,Sukhana,Bestyakh,Sebyan-Kyuyol,^,Verkhoyansk,Tomtor,Elginsky,^,^,Ugolnoye,Zyryanka,?,Omolon,^,?,Slautnoye,?,?,Snezhnoye,?,,?,
,Unalakleet,Galena,McGrath,Healy,Delta Junction,Dawson City,Mayo Landing,^,Norman Wells,Fort Franklin,,?,Rae Lakes,Fort Rae,?,?,?,?,?,?,?,,?,Chesterfield Inlet,,?,Coral Harbour,,,,,,?,^,,,,,,,Brattahlið,^,^,,,,,,,,,,,,,,,,,,,,,,Bjørgvin,^,Tønsberg,Oslo,Eidsvoll,Tingvalla,Hedemora,Uppsala,,,,Björneborg,Tammerfors,,Villmanstrand,,Nyslott,Sortavala,Kondopoga,Ust-Onega,Mudyuga,Nyonoksa,Novokholmogory,Pinega,Leshukonskoye,Blagoyevo,Usogorsk,Koslan,Ust-Tsilma,?,Usinsk,Inta,?,?,?,Obdorsk,Obdorsk,Aksarka,Nadym,Novy Urengoy,Urengoy,?,Mangazeya,Krasnoselkup,Yanov-Stan,?,Turukhansk,Bolshoy Porog,Uchami,Babkino,Nidym,Tura,Kislokan,Inarigda,?,?,?,?,Chernyshevskiy,Mirny,Suntar,Elgyay,Verkhnevilyuysk,Tyukanskoye,Khampa,Sangar,^,^,Oymyakon,Ust-Nera,Khonuu,^,Seymchan,Omsukchan,^,Evensk,Manily,Aklansk,Markhovo,Otrozhnyy,^,Anadyr,,,
Kotlik,Flat,^,^,^,Glennallen,Beaver Creek,Carmacks,^,Fort Norman,Wrigley,?,Lac La Martre,?,,Yellowknife,?,?,?,,?,?,?,Rankin Inlet,,,?,,?,,Sugluk,Deception Bay,,,,,,,,,,,Hvalsey,Herjolfsnes,,,,,,,,,,,,,Inbhir Nis,,,,,,,,,Stavanger,Oddernes,Skien,,Borg,,Örebro,Västerås,Birka,,,Åbo,Helsingfors,Borgå,Kotka,Viborg,Kexholm,,Petrozavodsk,,Pudoga,Plesetsk,Kholmogory,Bereznik,Verkhnyaya Toyma,Krasnoborsk,Yarensk,Knyashpogost,Ukhta,Izhma,Pechora,?,^,?,Beryozovo,Polnovat,Beloyarsky,?,Noyabrsk,Tarko-Sale,Tolka,?,?,?,?,?,Zyryanovo,Noginsk,?,?,?,?,?,Nakanno,?,?,?,Peleduy,Mukhtuya,Mukhtuya,?,Olyokminsk,?,?,Karaulny Mys,Yakutsk,Churapcha,Khandyga,^,^,^,Susuman,^,^,,Evensk,,Kamenskoye,Pakhachi,^,,,,,Hooper Bay
Bethel,Dillingham,^,Anchorage,Valdez,^,Haines,Whitehorse,Tungsten,^,Fort Simpson,?,Fort Providence,,,,Snowdrift,?,?,?,?,?,Whale Cove,,,,,,,,Povungnituk,?,Bellin,,^,,,,,,,,,,,,,,,,,,,,,Steòrnabhagh,Sruighlea,Obar Dheathain,,,,,,,,,,,,Lödöse,Skara,,Norrköping,,,,,,,,,Orekhov,,Olonets,Vytegra,Beloozero,Kargopol,Velsk,Shenkursk,Gleden,Kotlas,Koryazhma,Ust-Sysolsk,Ust-Kulom,Troitsko-Pechorsk,Ust-Ilych,^,?,Pelym,Nyagan',?,Samarovo,Poykovsky,Nefteyugansk,Surgut,Megion,?,?,Pylkaramo,?,?,Yartsevo,?,Severo-Yeniseysky,?,Baykit,Tunguska,Vanavara,?,Yerbogachyon,?,?,Vitim,?,?,?,Olyokminsk,?,?,Tommot,?,Amga-Sloboda,Ust-Maya,Eldikan,Okhotsk,Okhotsk,Magadan,Magadan,Brokhovo,,,,Tilichiki,,,,,,,
,^,,Kenai,,,^,^,Atlin,Watson Lake,Fort Liard,Jean Marie River,Kakisa,Hay River,Fort Smith,?,Uranium City,Fond-du-Lac,?,?,Ennadai,Padlei,Eskimo Point,,,,,,,Inukjuak,?,?,Payne Bay,,Fort Severight,,,,,,,,,,,,,,,,,,,,,,^,Dùn Èideann,,,,,,,,,,Aalborg,,,Helsingborg,Jönköping,Kalmar,,Wi,,,Kuressaare,Tallinn,Narva,Yam,Khotchino,Ladoga,Soltsy,Tikhvin,Cherepovets,Kirillov,Vologda,Totma,Nikolsk,Luza,Oparino,Vizinga,Koygorodok,Kosa,Solikamsk,^,Nadezhdinsk,Pelym,Uray,?,?,?,?,?,?,Nizhnevartovsk,?,?,?,?,?,Yeniseysk,Yeniseysk,?,?,?,Rudnogorsk,Kirensk,Kirensk,Gorno-Chuysky,?,?,Bodaybo,Perevoz,?,^,^,^,Aldan,^,?,Nelkan,^,Okhotsk,,,,,,,Palana,Ossora,,,,,,,
Unalaska,,,,,,^,Juneau,^,^,Fort Nelson,?,Rainbow Lake,High Level,Fort Chipewyan,,,Black Lake,Wollaston Lake,Lac Brochet,Tadoule Lake,?,Churchill,,,,,,,,Umiujaq,?,Tasiujaq,Fort Chimo,?,Nain,,,,,,,,,,,,,,,,,,,,,Dùn Breatann,Newcastle,,,,,,,,,Viborg,Aarhus,,,Lund,Ronneby,,,,,,,Perona,Tartu,,Pleskov,Novgorod,Novgorod,Spas-na-Kholmu,Ust-Sheksna,Yaroslavl,Kostroma,Galich,Manturovo,Yaransk,Kotelnich,Khlynov,Glazov,Kudymkar,Berezniki,^,Verkhoturye,Alapayevsk,?,?,Tobolsk,?,?,?,?,?,?,Kolpashevo,?,Bely Yar,?,?,Maklakovo,Motygino,Boguchany,Ilimsk,Novaya Igirma,Ust-Kut,Severobaykal'sk,^,Novy Uoyan,Taksimo,^,?,^,Khani,^,Neryungri,^,?,^,^,Ayan,,,,,,,,Tigil,^,Ust-Primorsky,,,,,,^
,,,,,,,^,Dease Lake,^,Fort St. John,^,Peace River,Slave Lake,Wabasca,Fort McMurray,La Loche,?,,Lynn Lake,Thompson,Split Lake,Gillam,?,,,,,,,"Jiaviniup Narsanga
",?,Fort Mackenzie,Schefferville,?,Hopedale,Makkovik,,,,,,,,,,,,,,,,,Daire,Béal Feirste,,,Lancaster,York,,,,,,,,Ribe,,Roskilde,,,,,,,,Liepaja,Jelgava,Riga,Rêzekne,Ostrov,Luki,Toropets,Rzhev,Tver,Uglich,Rostov,Suzdal,Ivanovo,Nizhny Novgorod,Bor,Tsaryovokokshaysk,Ust-Cheptsa,Izhevsk,Votkinsk,Perm,Vasilyevko,Nizhny Tagil,Irbit,Turinsk,Tyumen,Golyshmanovo,?,Tara,?,?,?,?,Kolyvan,Tomsk,Mariinsk,Bogotol,Achinsk,Krasnoyarsk,Kansk,Tayshet,Bratsk,Ilimsk,Zhigalovo,^,,^,Bagdarin,^,^,Chara,?,?,Tynda,?,Zeya,?,Chumikan,,,,,Ako,,,,Sobolevo,Klyuchi,^,,,,,,
,,,,,,,^,Terrace,Smithers,^,Tumbler Ridge,Grande Prairie,Whitecourt,Athabasca,Cold Lake,Île-à-la-Crosse,La Ronge,Pelican Narrows,Flin Flon,Norway House,?,?,?,York Factory,Fort Severn,,,,,Poste-de-la-Baleine,Sakami,Nitchequon,Labrador City,,North West River,Happy Valley-Goose Bay,Cartwright,,,,,,,,,,,,,,,Gaillimh,Sligeach,Baile Átha Cliath,,,Manchester,Lincoln,,,,,,,,Kiel,,,,,,,Putzig,,,Medvegalis,Siauliai,Panevezys,Dvinsk,Polotsk,Vitebsk,Smolensk,Vyazma,Klin,Moskva,Kolomna,Vladimir,Murom,Arzamas,Cheboksary,Zelenodolsk,Kazan,Sarapul,Birsk,Kungur,Polevskoy,Yekaterinburg,Kamensky Zavod,Talitsa,Yalutorovsk,Ishim,Tyukalinsk,Bolsherechye,Gor'kovskoye,Tatarsk,Kainsk,Chulym,Novonikolayevsk,Bolotnoye,Kemerovo,Uzhur,Nazarovo,Balakhta,Artyomovsk,^,Nizhneudinsk,Cheremkhovo,Ust-Ordynskiy,Yelantsy,,Kurumkan,^,?,Verkh-Usugli,Verkh-Usugli,Mogocha,Rukhlovo,Albazin,Magdagachi,?,?,^,Chumikan,Mnogovershinny,Nikolayevsk-na-Amure,,Esutoru,,,,Ust-Bolsheretsk,^,,,,,,,
,,,,,,,Prince Rupert,^,Vanderhoof,Prince George,^,Hinton,Edson,Edmonton,Lloydminster,Prince Albert,Melfort,Nipawin,The Pas,,?,?,?,?,?,Winisk,Attawapiskat,,Fort George,Radisson,,?,?,?,?,Lourdes-de-Blanc-Sablon,L'Anse-au-Loup,,,,,,,,,,,,,,,,Luimneach,Loch Garman,,Liverpool,Coventry,Cambridge,Norwich,,,,Groningen,Oldenburg,Bremen,Hamburg,Lübeck,Rostock,Stralsund,Stettin,Kolberg,Stolp,Danzig,Marienburg,Elbing,Königsberg,Kaunas,Vilnius,Lida,Minsk,Mogilev,Roslavl,Lyudinovo,Kaluga,Tula,Pereslavl,Gorodets,Sasovo,Sarov,Atemar,Simbirsk,Melekess,Naberezhnye Chelny,Bugulma,Tura-Tau,Zlatoust,Miass,Chelyabinsk,Shadrinsk,Tsaryovo Gorodishche,Petropavlovskoye,Isilkul,Omsk,Kalachinsk,Kupino,Barabinsk,Ob,Novonikolayevsk,Toguchin,Kolchugino,Kuznetsk,Abakansk,Minusinsk,Turan,Toora-Khem,Kyren,Usolye,Irkutsk,,,Ust-Barguzin,Barguzin,Chita,Aginskoye,Nerchinsk,?,?,?,?,Pyora,Svobodny,?,Chegdomyn,Permskoye,Vanino,,Maoka,Otomari,,,,Petropavlovsk,,,,,,,
,,,,,,,,^,Kamloops,^,Revelstoke,Golden,Rocky Mountain House,Red Deer,North Battleford,Saskatoon,Humboldt,Yorkton,Dauphin,,?,Pikangikum,Pickle Lake,?,?,?,Fort Albany,,Eastmain,Nemiscau,Mistissini,?,Tadoussac,Baie-Comeau,Sept-Îles,Tête-à-la-Baleine,,St. Anthony,,,,,,,,,,,,,,Tráigh Lí,Corcaigh,,,Cardiff,Oxford,London,Ipswich,,,Amsterdam,Utrecht,Münster,Osnabrück,Hannover,Lüneburg,Schwerin,Brandenburg,Potsdam,Santok,Gniezno,Bydgoszcz,Torun,Plock,Holstin,Bialystok,Grodno,Baranovichi,Bobruysk,Gomel,Klintsy,Bryansk,Oryol,Yelets,Lipetsk,Tambov,Morsha,Rtishchevo,Penza,Kuznetsk,Syzran,Samara,Buzulukskaya,Sterlitamak,^,Magnitogorsk,Troitsk,Nikolayevsk,Volodarskoye,Kokchetav,Shchuchye,Stepnogorsk,Ertis,Qashyr,Slavgorod,Kamen,Suzun,Barnaul,Biysk,Tashtagol,Abaza,^,Belotsarsk,Saryg-Sep,^,Slyudyanka,,,Kabansk,Verkhneudinsk,Khilok,Duldurga,Nerchinsk,Borzya,?,?,?,Aihun,Blagoveshchensk,Alexandrovskoye,Zavitinsk,Chekunda,Amursk,Imperatorskaya Gavan,,Toyohama,,,,,,,,,,,,
,,,,,,Nanaimo,,Vancouver,^,Kelowna,^,^,Banff,Calgary,Medicine Hat,Swift Current,Regina,Brandon,Portage la Prairie,Winnipeg,Kenora,Dryden,Nipigon,Peninsula,Hearst,?,Moosonee,Moose Factory,Fort Charles,Chapais,Chibougamau,Jonquière,Chicoutimi,,,,,Corner Brook,Cuper's Cove,,,,,,,,,,,,,,,,,Bristol,Winchester,Portsmouth,,,Den Haag,Rotterdam,Nijmegen,Dortmund,Paderborn,Hildesheim,Braunschweig,Schwerin,Wittenberg,Cottbus,Zielona Góra,Poznan,Kalisz,Wloclawek,Lódz,Warszawa,Drohiczyn,Brest-Litovsk,Pinsk,Mozyr,Chernihiv,Romny,Sumy,Kursk,Oskol,Voronezh,Uryupinsk,Borisoglebsk,Balashov,Saratov,Balakovo,Mechetnaya,Yaitsk,Sorochinskaya,Orenburg,^,Orsk,Zhitikara,Rudny,Esil,Atbasar,Bozok,Yereymentau,Ekibastuz,Yermak,Pavlodar,Rubtsovsk,Zmeinogorsk,Ridder,^,Ulala,^,,?,^,,?,Baibalyk,?,Selenginsk,?,^,?,Bayan Tümen,,Manjuur,Qayilar,Xuguit,Zhunaji,Mergen,Jiayin,Raychikhinsk,Birobidzhan,Khabarovsk,^,,,,,,,,,,,,,,
,,,,,,,Victoria,,Bellingham,Wenatchee,Spokane,^,Cranbrook,Lethbridge,Taber,Shaunavon,Weyburn,Morden,Winkler,Steinbach,Fort Frances,Fort William,,Wawa,Chapleau,Timmins,Iroquois Falls,Rouyn-Noranda,Val d'Or,Mont-Laurier,Saint-Jérôme,Shawinigan,Québec,Rimouski,Gaspé,,,Stephenville,Ship Cove,St. John's,,,,,,,,,,,,,,,Plymouth,,,,,Rouen,Amiens,Bruxelles,Aachen,Köln ,Marburg,Kassel,Weimar,Halle,Leipzig,Dresden,Legnica,Wroclaw,Opole,Czestochowa,Sandomierz,Lublin,Lviv,Lutsk,Rivne,Zhitomir,Kyiv,Lubny,Poltava,Kharkiv,Belgorod,Valuyki,Rossosh,Mikhaylovka,Kotovo,Kamyshin,Yershov,Kaztalovka,Peremetnoye,Aksay,Iletskaya Zashchita,Aktyubinsk,Batamshinskiy,Kumkuduk,Turgay,Arkalyk,,Temirtau,Karaganda,,Karkaralinsk,Moldary,Semipalatinsk,Ust-Kamenogorsk,,Kurshim,^,Ulangom,Khovd,?,^,^,Khatgal,Ordu Baliq,?,Mumo,^,?,?,?,?,?,^,Butha,Bukui,Suihua,Yichun,Suiyin,Tongjiang,Bikin,^,,Asahikawa,^,,Kitami,,,,,,,,,
,,,,,,,,,Seattle,^,^,Kalispell,^,Great Falls,Havre,Wolf Point,Williston,Minot,Grand Forks,Bemidji,Duluth,,,,Sault Sainte-Marie,Sudbury,North Bay,Ville-Marie,Petawawa,Gatineau,Montréal,Trois-Rivières,Saint-Joseph-de-Beauce,Fredericton,Moncton,,,,,,,,,,,,,,,,,,,,,,,Cherbourg,Caen,Évreux,Paris,Rheims,Trier,Mainz,Frankfurt,Würzburg,Nürnberg,Bayreuth,Plzen,Praha,Hory Kutné,Brno,Ostrava,Kraków,Tarnów,Rzeszów,Stanislaviv,Tarnopol,Kamianets,Vinnytsia,Uman,Cherkasy,Kakhovka,Yekaterinoslav,Oleksandrivsk,Makiivka,Luhansk,Millerovo,Tsaritsyn,Volzhsky,Zhanibek,Zhangala,Inderborskiy,Miyaly,Sagiz,Kandyagash,Chelkar,?,?,Dzhezkazgan,?,?,Moyynty,Balkhash,Sayaq,Aktogay,Sergiopol',Aksuat,^,Zaysan,Altay,^,^,?,Uliastai,Mörön,^,Tsetserleg,Qara Qorum,?,Ikh Khüree,?,?,?,?,Hoolingol,Wangyemiao,Chengsijiazi,Daqing,Harbin,Sanxing,Giyamusi,Ussuriysk,Tetyukhe,,,,Sapporo,Kushiro,,,,,,,,,,
,,,,,,,,Tacoma,Yakima,Pasco,^,Missoula,^,Helena,Roundup,Miles City,Dickinson,Bismarck,Fargo,St Cloud,Superior,Ashland,Marquette,Saulte Sainte-Marie,,,Mississauga,Toronto,Kingston,Ottawa,Saint-Jean-sur-Richelieu,Sherbrooke,Augusta,Saint John,,Charlottetown,Sydney,,,,,,,,,,,,,,,,,,,Brest,Rennes,Laval,Le Mans,Chartres,Sens,Troyes,Nancy,Strasbourg,Heidelberg,Stuttgart,Nördlingen,Ingolstadt,Regensburg,Passau,Ceské Budejovice,Presporok,^,Kosice,^,^,^,Chernivtsi,Orhei,Dubasari,Odesa,Mykolaiv,Oleshky,Mariupol,Taganrog,Cherkassk,Alexandro-Grushevskaya,Kalach,Svetly Yar,Akhtuba,Kharabali,Ganyushkino,Guryev,Makat,?,?,Aral'sk,?,?,Dzhezkazgan,?,?,Saryshaghan,,,,Qayalyq,,Qoqak,Qaramay,Fukang,Beshbalik,Gucheng,^,^,Bayanbulag,?,?,?,?,?,Choir,?,?,Beizimiao,Shangjing,Zhelimu,Changling,Boduna,Zhuhe,Ningguta,Jixi,Vladivostok,Nakhodka,,,,Hakodate,,,,,,,,,,,
,,,,,,,,Olympia,^,Kennewick,Lewiston,^,Butte,Bozeman,Billings,Broadus,Pierre,Chamberlain,Sioux Falls,Minneapolis,Eau Claire,Green Bay,,Saginaw,,Windsor,Niagara Falls,,,Syracuse,Burlington,Concord,Portland,,,Halifax,,,,,,,,,,,,,,,,,,,,,,Nantes,Angers,Tours,Orléans,Vézelay,Dijon,Besançon,Bern,Zürich,Ulm,Augsburg,München,Salzburg,Linz,Wien,Buda,Pest,Debrecen,Cluj,Sighișoara,^,Iasi,Tyras,,,Eupatoria,,,Azov,Armyansky aul,Stavropol,Elista,Yashkul,Astrakhan,,,Kul'sary,?,,,Yangikent,?,?,?,?,Moiynqum,,Gorguz,Iki-Oguz,Ilanbaliq,Almaliq,^,Jambaliq,Luntai,^,?,Cumuda,?,?,?,?,?,?,?,Sainshand,Dzamiin Üüde,Kangbao,Yingchang,Shangjing,Zhelimu,Siping,Changchun,Jilin,Yanji,Gyeongseong,,,,,,,Aomori,,,,,,,,,,
,,,,,,,,Portland,Bend,Baker City,^,^,^,West Yellowstone,Sheridan,Douglas,Rapid City,Norfolk,Sioux City,Cedar Rapids,Dubuque,Milwaukee,,Grand Rapids,Detroit,,,Buffalo,Rochester,Albany,Springfield,Boston,,,,,,,,,,,,,,,,,,,,,,,,,,,Roscella,Poitiers,Bourges,Nevers,Chalon-sur-Saône,Genève,^,^,^,^,^,Innsbruck,Klagenfurt,Graz,Pécs,Szeged,Timisoara,Alba Iulia,^,Galați,Chilia,,,,Khersonesos,Pantikapaion,,Tmutarakan,Sochi,Pyatigorsk,Groznaya,Kizlyar,,,,Beineu,Jasliq,,,Juvara,Jand,Sig'noq,Sozaq,?,Taraz,Orduqent,Talkhiz,Shelek,^,^,Ghulja,^,^,Yarghol,Qocho,?,?,?,Khara-Khoto,?,?,?,?,Guihua,Jining,Zhangjiakou,Kaiping,Chifeng,Liucheng,Houcheng,Fushun,Ji'an,^,Seongjin,,,,,,,Akita,Morioka,,,,,,,,,
,,,,,,,Medford,Eugene,^,^,Boise,Idaho Falls,^,^,Casper,Cheyenne,North Platte,Grand Island,Omaha,Des Moines,Davenport,Chicago,Gary,Fort Wayne,Toledo,Cleveland,Erie,Jamestown,Scranton,Paterson,Hartford,Providence,,,,,,,,,,,,,,,,,,,,,,,,,,,Xaintes,Angoulême,Limoges,Clermont,Lyon,^,Augusta Taurinorum,Mediolanum,Brixia,Verona,Padua,Aquileia,Ljubljana,Zagreb,Osijek,Beograd,^,Târgovishte,Bucuresti,Constanta,,,,,,,,,^,^,Ordzhonikidze,Tarki,,,Fort-Aleksandrovskiy,Shetpe,Oqsho'laq,Madminiya,Baratakin,?,?,Sauran,Farab,Sayrom,^,Balasagun,,^,^,^,^,^,Qarasheher,?,?,Anxi,Yumen,Jiayuguan,Khara-Khoto,?,Bayannur,Bayannur,Jiuyuan,Guihua,Shanwu,Xuanhua,Yongning,Rehe,Tuhe,Liaoyang,Yizhou,Uiju,Hamheung,,,,,,,,Yamagata,Sendai,,,,,,,,,
,,,,,,,Redding,^,Reno,Winnemucca,Elko,,^,Rock Springs,^,Fort Collins,Sterling,Lincoln,Nebraska City,St Joseph,Hannibal,Quincy,Bloomington,Indiananapolis,Dayton,Columbus,Akron,Pittsburgh,Allentown,Newark,New York,,,,,,,,,,,,,,,,,,,,,,,,,,,,Bordeaux,Périgueux,Cahors,Albi,Avignon,Grenoble,Nice,Genua,Parma,Bononia,Ravenna,,Pula,^,Sarajevo,Ras,Vidin,Pleven,Tarnovo,Varna,,,,,,,,,,Sukhumi,^,Derbent,,,,Aktau,Elobod,Urganch,Kerder,Kath,?,Jizzakh,Binkath,^,Akhsikath,^,^,^,Aksu,?,Kuchar,?,Korla,Kroran,?,Dunhuang,Yumen,Fulu,Ganzhou,Bayanhot,Shizuizi,Bayannur,Jiuyuan,Tongwan,Mayi,Pingcheng,Jicheng,Zunhua,,Sanshan,,Pyeongyang,Wonsan,,,,,,,,Niigata,Fukushima,,,,,,,,,
,,,,,,,Santa Rosa,Sacramento,^,Carson City,Ely,West Valley City,Salt Lake City,Grand Junction,^,Denver,McCook,Salina,Topeka,Kansas City,Columbia,Hannibal,Decatur,Evansville,Cincinnati,Huntington,Parkersburg,Morgantown,Philadelphia,Atlantic City,,,,,,,,,,,,,,,,,,,,,,,,,,,,,Bayonne,Pau,Toulouse,Carcassonne,Montpellier,Marseille,,,Pisae,Florentia,Ariminum,,,Split,^,Skopje,Nis,Sofia,Plovdiv,Adrianople,Byzantium,,,Amastris,Sinope,Amisos,,,,Poti,Mtskheta,^,Quba,,,,?,Ruzvand,Xiva,Hazarasp,Karmana,Samarqand,Uroteppa,Khujand,Mavarannahr,^,Kashgar,Uchturpan,?,?,?,Yuli,Charklik,,Miran,^,^,^,Ganzhou,Bayanhot,Fuping,^,Wuhai,Yulin,Daixian,Xiadu,Tianjin,,,,,Haeju,Songdo,Gangneung,,,,,,Kanazawa,Nagano,Mito,,,,,,,,,
,,,,,,,San Francisco,Stockton,^,Hawthorne,Area 51,^,Provo,^,^,Colorado Springs,Colby,Hays,Emporia,Joplin,Jefferson City,St. Louis,Marion,Bowling Green,Louisville,Lexington,^,Charlottesville,Washington,,,,,,,,,,,,,,,,,,,,,,,,,La Coruña,Lugo,Oviedo,Santander,Bilbao,^,^,^,Perpignan,,,,,Populonium,Arretium,Ancona,,,,Dubrovnik,Tirana,Pella,Amphipolis,Abdera,,,Astakos,Herakleia,Angyra,Taouion,Amasia,^,Kerasous,Trapezous,^,Kumayri,Qabala,Baku,,,Qyzyl-Su,?,Parau,Darghan,Bukhoro,Nasaf,Kesh,^,^,^,^,Yarkant,?,?,Cadota,Saca,Qarqan,^,^,Nagormo,Gterlenkha,^,^,^,Liangzhou,Zhongwei,Lingzhou,Dingbian,Yan'an,Jinyang,Handan,Cangzhou,Pugu,,Penglai,,,Hanseong,Chunju,Samcheok,,,,Tottori,Echizen,^,Edo,,,,,,,,,
,,,,,,,San Jose,San Luis Obispo,Fresno,^,Las Vegas,St. George,^,Farmington,^,Pueblo,Garden City,Dodge City,Wichita,Tulsa,Poplar Bluff,Cape Girardeau,Paducah,Nashville,Knoxville,^,Raleigh,Richmond,Virginia Beach,,,,,,,,,,,,,,,,,,,,,,,,,Santiago de Compostela,Orense,León,Burgos,Logroño,Pamplona,Huesca,Llerida,Barcelona,,,Aleria,,,Roma,Corfinium,Canosium,,,,Epidamnos,^,,,,Ilion,Nikaia,Dorylaion,Gordion,Garsaura,Mazaka,Komana,^,^,Tushpa,Artashat,,Ardabil,,,Gurgan,Buzanjird,Nisa,Merv,Amul,Zamm,Termiz,Hulbuk,Taloqan,^,^,Qaghiliq,Khotan,Wumi,Ronglu,^,^,^,Yuegai,^,Gterlenkha,Gterlenkha,,Linqiang,Jincheng,^,Yiqu,Xianyang,Yaozhou,Pingyang,Yin,Lixia,Linzi,Jimo,,,,Jeonju,Daegu,Seorabeol,,Izumo,Okayama,Koube,Heian-kyou,Nagoya,,,,,,,,,,
,,,,,,,,Santa Barbara,Bakersfield,Palm Springs,Lake Havasu City,Flagstaff,^,^,Santa Fé,Trinidad,Amarillo,Elk City,Oklahoma City,Fort Smith,Jonesboro,Memphis,Tupelo,Birmingham,Atlanta,Charlotte,Columbia,Wilmington,,,,,,,,,,,,,,,,,,,,,,,,,,Porto,Viseu,Salamanca,Valladolid,Calatayud,Zaragoza,Tortosa,Tarragona,,,,,Olbia,,,Capua,Neapolis,Beneventum,Tarentum,,Apollonia,Larissa,,,,Ephesos,Sardis,Antiokheia tes Pisidias,Ikonion,Thoana,^,^,Milid,Amida,,^,Gazaka,^,Rasht,Zadracarta,^,^,Asaak,Sarakhs,Maymana,Shaporgan,Bactra,Kunduz,^,^,Varshadeh,^,^,^,^,^,^,Jiajiboluoge,^,^,^,^,Rmachen,Rebgong,^,Tianshui,^,Chang'an,Shangyang,Luoyang,Aodu,Daliang,Qufu,Pengcheng,Yancheng,,,Gwangju,Jinju,,,Hiroshima,,,Naniwa,,,,,,,,,,,
,,,,,,,,,Los Angeles,Riverside,Yuma,Phoenix,^,^,Albuquerque,Clovis,Lubbock,Wichita Falls,Plano,Little Rock,Pine Bluff,Jackson,Meridian,Montgomery,Macon,Savannah,Charleston,,,,,,,,,,,,,,,,,,,,,,,,,,,Coimbra,Castelo Branco,Ávila,Toledo,Cuenca,Teruel,Valencia,,,Palma,,,Caralis,,,,,Crotona,,,,Thebai,Athenai,,,,Halikarnassos,Attaleia,Seleukia,^,Tarsos,Antep,Edessa,Nisibis,Ninua,Arbela,,Zanjan,^,Rhaga,Komis,Sabzevar,Nishapur,Tus,Bamiyan,Kapisi,^,^,^,Gilgit,^,^,^,^,Ger,^,Tanggula,^,^,^,Amdo,Gyêgumdo,^,^,^,Tanzhang,Nanzheng,Xicheng,Shangluo,Danyang,Yuzhou,Ruyin,Shouchun,Guangling,Wu,,,,,,Hakata,,Matsuyama,Tokushima,,,,,,,,,,,,
,,,,,,,,,,San Diego,Los Algodones,?,Tucsón,Las Cruces,El Paso,Roswell,Midland,Fort Worth,Dallas,Shreveport,Monroe,Baton Rouge,Mobile,Pensacola,Tallahassee,Jacksonville,,,,,,,,,,,,,,,,,,,,,,Ponta Delgada,,,,,,Lisboa,Évora,Baṭalyaws,Qal'at Rabah,Al-Basīṭ,Mursiyya,Alicante,,,,,,,,,,,Rhegium,,,Messene,Korinthos,,,,,,,,,,Antiokheia,Khalpe,Sinjar,Kalkhu,Ash-shur,Saneh,^,Hangmatana,Saavikineh,Semnan,Torshiz,Torbat-e Jam,Herat,^,^,Kabul,Pushkalavati,Ranigat,Srinagar,^,^,^,Mtholding,Spuhreng,Kyakyaru,Coqên,Xainza,Dêgên,Nagchu,^,?,^,Rngaba,^,Langzhong,Bazi,^,Danjiangkou,Ying,Suizhou,Huangchuan,Hefei,Moling,,Qinglong,,,,,Nagasaki,Kumamoto,,,,,,,,,,,,,,
,,,,,,,,,,Ensenada,,?,San José de Imuris,Paquimeh,?,Pecos,San Angelo,Austin,Waco,Beaumont,Lafayette,La Nouvelle-Orléans,,,,Gainesville,,,,,,,,,,,,,,,,,,,,,,,,,,,,Santa Maria de Faro,Walbah,Ishbiliya,Qurtubah,Garnatah,^,,,,,,,,,,Panormus,Messana,,,,,Sparti,,,,,,,,Salamis,,Ugarit,Hamath,Nikephorion,Dur-Kurigalzu,Eshnunna,Kirmanshah,^,Nahavand,Kashan,Jandaq,Golshan,Qayen,Farah,^,Ghazni,^,Kohat,Takkasila,Jhelum,Vallapura,^,^,^,^,Smonthang,Lhartse,^,,Damxung,Lhorong,Khrinkonrdal,Dkarmdzes,^,Chengdu,Anhan,Dangqu,Liweizhou,Baidicheng,Jingzhou,Hanyang,Wuchang,Tongling,Wuhu,Hangzhou,,,,,,,Kagoshima,,,,,,,,,,,,,,
,,,,,,,,,,Santa Catalina,,Pitic,^,?,Xicuahua,?,Del Rio,San Antonio,Houston,,,,,,,Tampa,Orlando,,,,,,,,,,,,,,,,,,,,,,,,,,,,,Qādis,Mālaqah,Al-Mariyya,,,,Y,Wyksm,Yglgl,Rskd,Pwn,Qart-Hadasht,,,Syracusae,,,,,,,Kydonia,Knossos,,,,Paphos,,,Gebal,Kadesh,Mari,Sippar,Agade,Larak,Shapurkhast,^,Spahan,Naeyn,Narin,Birjand,Bost,Kandahar,^,Gardez,Andrapana,Naushera,Eminabad,Sagala,Kangra,Haridvara,^,^,^,^,Bsam'grubrtse,^,Rasa,Drakchi,^,^,Darrtsemdo,Jiading,Neijiang,Dianjiang,Linjiang,Enshi,Langzhou,,Jiujiang,,Tunxi,Kuaiji,Mingzhou,,,,,,,,,,,,,,,,,,,,
,,,,,,,,,Guerrero Negro,Santa Rosalía,,Na'avojowa,^,?,?,?,?,Corpus Christi,,,,,,,,,Miami,,,,,,,,,,,,,,,,,,,,,,,,,,,,,,,,,Shigan,Qrttn,Kartili,Ashir,Kirthan,^,Tbgg,Adramat,,,,,,,,,,,,,,,,,Sur,Dimasqu,Palmyra,Rapiqum,Barsip,Babilim,Nibbur,Shushan,Shurkutir,Ayapir,Abarkuh,Yazd,Neh,Zranka,Shalkot,^,Jampur,Kashtpur,Sibipura,Lavapuri,Satudardesh,Sthanishvara,Hastinapur,Ahichchhatra,Pokhara,^,^,^,Rgyalrtse,Rtsethang,^,Aalo,^,?,^,^,Jiangzhou,Fuling,Dayong,Baoqing,Linxiang,Jiancheng,Nanchang,Changnan,Dong'ou,Huipu,,,,,,,,,,,,,,,,,,,,
,,,,,,,,,,Loreto,,,Colhuacan,^,?,?,?,?,,,,,,,,,,,Charles Town,,,,,,,,,,,,,,,,,,,,,,,,,,,,Tanja,^,Rusaddir,Km',Mouaskar,^,Ǧelfa,Tibeskert,Khenchela,Capsa,Māqōm Hadasht,,,,,,,,,,,,,,,,,Akka,Gerasa,Bosra,Ruwaished,Dilbat,Uruk,Lagash,Durine,Ohrmazd-Ardashir,^,Pathragada,Sirgan,Veh-Ardashir,Zahedan,Khnenta,Sibi,Sukkur,Deogarh,Derawar,Ajodhan,Khokrakot,Dilli,Sambhal,Saketa,Lumbini,Gorkha Dabar,Bhaktapur,^,^,^,^,Ratnapur,Sadiya,^,Jiandu,Bijie,Bozhou,^,Qianzhong,Lingling,Hengzhou,Luling,Nanfeng,Jianyang,Lya,,,,,,Shuri,,,,,,,,,,,,,,,
,,,,,,,,,,La Paz de California,,,Chametla,^,Chalchihuites,Zacatecah,Tamuin,Tampiko,,,,,,,Pinar del Río,La Habana,Sancti Spíritus,,,,Cockburn Town,,,,,,,,,,,,,,,,,,,,,,,,,,Sala,Fizaz,Wudja,^,Chellala,Lbayeḍ,Al-Aghwat,Tuqurt,Al-Wādī,Turris,Takapes,Tsabratan,Oyat,Lpqy,,,,Taucheira,Kyrene,,,Per-Wadjet,Djedet,,,,Yafo,Yerushalayim,Ammon,Qurayyat,Turaif,Iritu,Iritu,Uru,Vahman-Ardashir,Arrajan,Bay-Shapur,Parsa,^,^,Bam,^,Chandka,Aror,Jaisana,Nagaur,Jhunjhunu,Neemrana,Vrindavan,Kampil,Kashika,Ghazipur,Vaishali,Mithila,Gograha,Mainaguri,Pragjyotishpura,Dimapur,Dibrugarh,^,Mogaung,Taihe,^,Guiyang,Duyun,Guizhou,Hezhou,Leiyang,Qianzhou,Meizhou,Xiamen,Quanzhou,,,Hobe,,,,,,,,,,,,,,,,,,
,,,,,,,,,,,,,,Xalixko,Tonallan,Tzintzuntzan,Tollan,Teayo,,,,Mayapan,Uuc Yabnal,,,,,Puerto del Príncipe,Santiago de Cuba,,,,,,,,,,,,,,,,,,,,,,,Funchal,,,,Amegdul,Meṛṛakec,Aɣmat,^,Sijilmasa,Bashar,Arbawet,Taɣerdayt,Wargren,Douar El Ma,Tieret,Fumm Tiṭṭawin,Nalut,Zintan,Thubactis,Māqōm,,,Euesperides,Paliouros,Antipyrgos,Amunia,Ra-Kedet,Zau,Per-Bast,Per-Ramessu,Tjaru,Gaza,Timna,Sela,Dumatha,Sakakah,Rafha,Hafar al-Batin,Agarum,,,Ram Ardashir,Darabgerd,Homirzad,Gulashkird,Pahrah,^,Sehvan,Sakrand,Khed,Mandore,Ajayameru,Bairat,Mathura,Kanyakubja,Kaushambi,Sahastrarama,Pataliputra,Rajagriha,Champa,Gauda,Srihatta,Maibang,Kangla,^,?,Yingjiang,Yunnan-fu,^,Baise,Yongzhou,Yulin,Gaoyao,Heyuan,Nantou,Chaozhou,,,Taioan,Dadun,,,,,,,,,,,,,,,,,,
Līhuʻe,,,,,,,,,,,,,,Cihuatlan,^,Calixtlahuaca,Tenochtitlan,Tlaxcallán,Cempoalatl,,,Uxmal,Zama,,,,,,,,Cap‑Français,Santiago de los Caballeros,,,,,,,,,,,,,,,,,,,,,,,,Tarudant,^,^,Tagmadert,Merzouga,Haresse Lil,Timimoun,Taourirt,Hassi Messaoud,El Borma,Debdeb,Tidamensi,Kabaw,Castra Madensia,Gholaia,Hun,Arae,Automala,Adjabiya,Bi'r bin Ghunayma,Jaghbub,Sekht-Am,Yamu,Inebu-hedj,Inebu-hedj,Per-Atum,,^,Elath,Tabuk,Tayma,Ha'il,Uyun Al-Jiwa,Al Artawiyah,Al Jubayl,,,,Siraf,,Harmozeia,Tiz,Gwadar,Bela,Thatta,Kahu-Jo-Darro,Anhilwara,Chittor,Bundi,Gvaliyar,Balwantnagar,Kharjuravahaka,Rewa,Gaya,Khukhragarh,Bishnupur,Karnasuvarna,Bikrampur,Mainamati,^,Kalaymyo,Tagaung,Sampanago,Bu'ri,?,Leilou,Chongzuo,Guangzhouwan,Gaozhou,Panyu,,,,,Takau,,,,,,,,,,,,,,,,,,,
,,Honolulu,,,,,,,,,,,,,Coliman,Tlachco,^,Cuauhnahuac,Coixtlahuacan,Lakamha,Chakanputun,Ox Te' Tuun,Lam'an'ain,,,,,Port Royal,,,Port-au-Prince,San Juan de la Maguana,Santo Domingo,,San Juan,,,,,,,,,,,,,,,,,Las Palmas,,,Semara,Nul,Tinduf,Oum el Assel,Targala,Tabelbert,Ouled Ahmed Timmi,Tawāt,Timokten,Foggaret Ezzoua,?,Bordj Omar Driss,Iilizi,Zinchecra,Germa,Sebhā,Elfoqhat,Az-Zallah,Maradah,Awjila,Jalu,?,Ta-Iht,Shedet,Het-Nesut,Ipu,Saww,,,Duba,Al-Hijra,Madinah,Ar-Rass,Buraydah,Az Zulfi,Rumah,Al-Qatif,,,,,,,,,Debal,Paddhargadh,Ashaval,Chandanavati,Ujjain,Sanchi,Suktimati,Tripuri,Ratnapura,Raigarh,Khiching,Tamralipta,Chandraketugarh,Chandrodip,,Chattogram,?,Zeyapura,Awa,Luang Prabang,^,Thang Long,?,,,,,,,,,,,,,,,,,,,,,,,,,,,
,,,,Hilo,,,,,,,,,,,,,Tepecuacuilco,Tututepec,Huaxyacac,Pa' Chan,Q'umarkaj,Yax Mutal,,,,,,,,,,,,,,,Basse-Terre,,,,,,,,,,,,,,,,,Villa Cisneros,Idjil,Idjil,Bir Moghreïn,Chegga,Taghaza,Taghaza,In Zghmir,Reggane,Aïn Salah,?,?,Bordj El Houasse,^,Ghat,Marzūq,Marzūq,Zawīla,?,?,Tazirbu,Tazirbu,Al-Jawf,Pa-Mwt,Hebet,Zawty,Abdju,Waset,Tao,,,Yanbu,Al-Qudayd,Afif,Al-Quway'iyah,Hajr,Hajr,Al-Hufuf,Dilmun,,,Sohar,,,,,,,Vallabhipur,Khambat,Dhar,Mahismati,Chouragarh,Mandla,Sirpur,Bargarh,Sambalpur,Viraja,,,,Mrauk U,?,Pagan,^,Chiang Rai,^,Hoa Lu,,,Qiongzhou,,,,,,,,,,,,,,,,,,,,,,,,,
,,,,^,,,,,,,,,,,,,,,,,Kaminaljuyu,^,Oxwitik,Trujillo,Black River,,,,,,,,,,,,,,,,,,,,,,,,,,,,,Arguin,Azuki,Shinqit,Wādān,?,?,Tawdenni,?,Bordj Badji Mokhtar,Timiaouine,In Amguel,Abalessa,^,Janit,?,Tajarhi,Qatrun,Wour,Aozou,?,Ma'tan as-Sarra,Muzui,Al-Jawf,?,Selima,Para,Nekhen,Abw,Shashirît,,,,Jiddah,Makkah,At-Ta'if,Layla,Al-Kharj,Yabrin,Murwab,Sir Bani Yas,Julfar,Tawam,Masqat,,,,,Dvarka,,Bharuch,Devagiri,Vatsagulma,Pravarapura,Bramhapuri,Kanker,Bhawanipatna,Puri,Tosali,,,,,?,Thayae Khittaya,?,Chiang Mai,Wiang Chan,?,?,,,,,,,,^,Tugegaraw,,,,,,,,,,,,,,,,,,
,,,,,,,,,,,,,,,,,,,,,,Tazumal,Kuzshkatan,,Bragman's Bluff,,,,,,,,,,,,Speightstown,,,,,,,,,,,,,,,,,Nwakcoṭ,Boutilimit,Ksar el Barka,Tidjikja,Tchit,?,Arawan,Mabrūk,Tessalit,Tadmekka,Tin Zaouatine,Gezzam,Arlit,Asode,?,Djado,Dirkou,Bardaï,^,?,Gouro,Ma'tan as-Sarra,?,Laqiya Arba'īn,Selima,Pedeme,Kerma,Per-Selk,Deraheib,Shashirît,,,Al-Qunfudhah,Baljurashi,Bisha,Aqiq Bani Uqayl,Qaryat al-Faw,Al-Yamama,Yabrin,Liwa,Ibri,Nizwa,Sur,,,,,,,Shurparaka,Junnar,Kalyani,Basar,Suryapuram,Dantewada,Kotpad,Visakhapatnam,,,,,,?,Honsavatoi,?,Phitsanulok,Udon Thani,?,?,Kandapurpura,,,,,,,Bigan,Ibon,,,,,,,,,,,,,,,,,,
,,,,,,,,,,,,,,,,,,,,,,,,Santiago de los Caballeros de Léon,Bluefields,,,,,Riohacha,,Capatárida,Coro,,,,,,,,,,,,,,,,,,,,,Njurbel,Tukuloor,Aleg,Awdaghost,Walata,Raz El Ma,Tumbutu,Bamba,Tondibi,Talataye,Ménaka,Takedda,Agadez,^,?,Fachi,Bilma,Zouar,Kidirmi,Faya,Ayn Galakka,?,Nukheila,El Atrun,El Atrun,Sakole,Napa,Medewi,Alwa,Oosook,,,,Bariq,^,Najran,Sharurah,Sharurah,Tarim,Thumrait,Haima,Duqm,,,,,,,,Rairi,Kolhapur,Manyakheta,Golkonda,Orugallu,Vengipuram,Rajamahendravaram,,,,,,,Phasem,,Thaton,Lavapura,Nakhon Ratchasima,?,Ubon Ratchathani,?,Indrapura,,,,,,Selurong,Lucena,,,,,,,,Hagåtña,,,,,,,,,,
,,,,,,,,,,,,,,,,,,,,,,,,,Cartago,,Ciudad de Panamá,,Cartagena de Indias,^,Maracaibo,San Ambrosio de Punta de Piedra,Barquisimeto,Caracas,Cumaná,Muturín,,,,,,,,,,,,,,,Ribeira Grande,,,Ndeer,Lingeer,Maghama,Diara,Kumbi Saleh,Tondidarou,Korienza,Gossi,Gawgaw,Ansongo,Andéramboukane,Tahoua,Alkalawa,Zengou,Gure,Gatiga,Beri,Mānān,Barak,Koro Toro,Fada,Wadi Hawar,Wadi Kutum,Mellit,?,Debba,Korti,Nuri,Medewi,Badi,Missiwa,,,Jazan,^,San'a,Ataq,Shibam,Tarim,Salalah,Mirbat,,,,,,,,,Chandrapura,Saundatti,Vijayanagara,Vijayapuri,Amaravathi,Masulipatnam,,,,,,,,,,Dawei,Ayutthaya,?,Yasodharapura,?,?,Vijaya,,,,,,,,Naga,,,,,,,,,,,,,,,,,
,,,,,,,,,,,,,,,,,,,,,,,,,,San José de David,,Santa María la Antigua del Darién,Santa Fe de Antioquia,Bucaramanga,Mérida,^,Guanare,Calabozo,Santa Gertrudis de Tigre,San Félix,Anna Regina,,,,,,,,,,,,,,,,,Ndakaaru,Anyam-Godo,Farabana,Diakaba,Sizani,Diakha,Bandiagara,Hombori,Dori,Kukiya,Namay,Birnin Kebbi,Katsina,Daura,Birnin N'Gafata,Zamtam,,Njimi,Kawal,Kalo,Biltine,^,Dar Tama,Uri,Seringet,Ushara,Kerri,Tolkte,Aborepi,Akordat,Manbar,,,,Zabid,^,Qana,Al-Mukallah,Ash-Shihr,,,,,,,,,,,,Murdeshwar,Chandanavati,Kadapa,Nellore,,,,,,,,,,,Phetchaburi,,Chanthaburi,,?,Panduranga,Kauthara,,,,,Puerto Princesa,,Sugbo,,Kankabatok,,,,,,,,,,,,,,,,
,,,,,,,,,,,,,,,,,,,,,,,,,,,,Quibdó,Medellín,Tunja,^,Pore,El Picacho,^,Angostura,^,Bartica,Georgetown,,,,,,,,,,,,,,,,Karabane,Ndorna,Tambaakundaa,Sediousaba,Ka-ba,Segu,Jenne,Kumbi Tenga,Tenkodogo,Bingo,Dosso,Gwandu,Dutsi,Dala,Biram,Kākā,,,Bidderi,Samna,Tajuwa,Geneina,^,Rahad Tendelti,El Obeid,Dewaim,Soba,Soba,Gorgora,Gwandar,Aksum,Dongolo,,,Ta'izz,Adan,,,,,,,,,,,,,,,Mangalapuram,Srirangapatna,Talakadu,Mahabalipuram,,,,,,,,,,,Myeik,,,Angkor Borei,?,Prey Nokor,,,,,Brooke's Point,,,,,,,,,,,,,,,,,,,,,
,,,,,Tabwakea,,,,,,,,,,,,,,,,,,,,,,,^,Cali,Bogotá,^,San Martín de los Llanos Orientales,Puerto Inírida,San Fernando de Atabapo,^,Santa Elena de Uairén,^,Christianburg,Fort Nassau,Fort Zeelandia,Cayenne,,,,,,,,,,,,,,Kansala,^,Kurussa,Niani,Sikaso,Sia,Yagbum,Yendi,Jugu,Nikki,Birnin Yawuri,Zazzau,Rano,Bauchi,Dikwa,Makary,Gamtila,Balagi,Mongo,Goz Beïda,Zalingei,Niyala,En Nahu,Kaduqli,Delami,Sinar,Teawa,Yesmala,,^,Enda Meseqel,Awdal,,,,,,Suq,,,,,,,,,,,,,Kallikkottai,Tanjapuri,Kanchipuram,,,,,,,,,,,Chaiya,,,,O Keo,,,,,,,,,Samboangan,Himologan,Butuan,,,Koror,,,,,,,,,,,,?,
,,,,,,,,,,,,,,,,,,,,,,,,,,,San Mateo,Males,^,^,San José del Guaviare,Miraflores,Puerto Colombia,^,^,Forte São Joaquim,Forte São Joaquim,Lethem,Kasuela,Stoelmanseiland,Maripasoula,Amapá,,,,,,,,,,,,,,Kamabai,Kissidougou,^,Korhogo,Kong,Salaga,Kete Krachi,Sokode,Kana,Ilé-Ifè,Bida,^,Lafia,Yola,Kerawa,Mser,Massenya,Melfi,Am Timan,Ouanda Djallé,Raga,Aweil,Mishra-el-Rek,Fashoda,Er Roseires,Asosa,Bahir Giyorgis,^,Roha,Wasal,Daggar,Barbara,^,Boosaaso,,,,,,,,,,,,,,,,Desinganadu,Madurai,,,,,,,,,,,,Thalang,Tambralinga,,,,,,,,Api-Api,,,Bauang,,Dabaw,,,,,,,,,,,Kapingamarangi,Nan Madol,,,,,
,,,,,,,,,,,,,,,,,,,,,El Progresso,,,,,Jocay,Qitu,^,^,Florencia,Mitú,São Gabriel da Cachoeira,São Gabriel da Cachoeira,Santa Isabel do Rio Negro,Barcelos,Caracaraí,Caracaraí,Oximiná,Óbidos,Monte Alegre,Santana,Macapá,Breves,,,,,,,,,,,,,,Gawulun,Gbezohn,^,Gbèkèkro,Kumasi,Keta,Hulagan,Glēxwé,Èkó,Ẹdo,Igbo-Ukwu,Wukari,Kwararafa,Ngaoukor,Pala,Moundou,Sarh,N'Délé,Bria,Bayyu,Wau,Rumbek,Yirol,Sobat,Gore,Malbarde,Barara,Walale,Gēy,^,Maduuna,Qardho,Xaafuun,,,,,,,,,,,,,,,,,Vizhinjam,,Yapanaya,,,,,,,,,,,Kedah,?,,,,,,Vijayapura,^,?,,,,,,,,,,,,,,,,,,,,,
,,,,,,,,,,,,,,,,,,,,,,,,,,Ingapirka,^,^,San Antonio de la Coca,San Lorenzo de los Tibilos,Leticia,São Gabriel da Cachoeira,Santa Isabel do Rio Negro,Santa Isabel do Rio Negro,Barcelos,Barcelos,Itapiranga,Oximiná,Óbidos,Monte Alegre,Almeirim,Arucará,Belém,Castanhal,São Luís,,,,,,,,,,,,,Barrobo,Gbogré-Djigbi,Krindjabo,Oguaa,Nkran,,,,Warri,Arochukwu,Akwa Akpa,^,Fumban,Meiganga,Bouar,Krébédjé,Bambari,Bängâsu,Zemio,Burekiwe,Yei,Gondokoro,Bor,Bonga,Hirmata,^,^,Imi,Degehabur,Gaalkacyo,Eyl,,,,,,,,,,,,,,,,,,,,Anuratapuram,Jananathapuram,,,,,,Lamuri,Kota Lhokseumawe,,,Gangga Negara,?,,,,,?,^,?,,,,,,,,,,,,,,,,,,,,,,Tarawa
,,,,,,,,,,,,,,,,,,,,,,,,,,,Tumipampa,^,Bagua Grande,Yurimaguas,Iquitos,Tabatinga,Jutaí,Tefé,Maraã,Manacapuru,São José do Rio Negro,Serpa,Parintins,Santarém,Altamira,Alcobaça,Mocajuba,Paragominas,Santa Inês,Parnaíba,Forte São Sebastião,Mossoró,,,,,,,,,,,,,,,,,,,,,Duala,Ongola,Bertua,Bangi,Bokuda,Upoto,Bumba,Buta,Isiro,Aru,Gulu,Masindi,Kelem,,Marsabet,Wajeer,Mandheera,Qalaafe,Mareeg,Hobyo,,,,,,,,,,,,,,,,,,,,Gimhathitha,Senkadagala,,,,,,,^,Aru,,,Singapura,,,Sambas,Santubong,^,^,Kutai,,,Suwawa,Manado,,Ternate,,,,,,,,Lorengau,,,,,,,,
,,,,,,,,,,,,,,,,,,,,,,,,,,Tumpis,Tukumi,^,^,Tarapoto,Benjamin Constant,Tabatinga,Jutaí,Tefé,Coari,Manicoré,Borba,Maués,Itaituba,Altamira,Altamira,Marabá,São Vicente do Araguaia,Imperatriz,Caxias,Vila do Poti,Crato,Campina Grande,Natal,,,,,,,,,,,,,,,,,,Santa Isabel,,Mang,Angone,Makoku,Impfondo,Makanza,Basankusu,Isangi,Kisangani,Butembo,^,,Lubaga,^,Mumias,Nakuru,Gaarrisa,Bardhere,Marka,Muqdisho,,,,,,,,,,,,,,,Malaitivu,,,,,,,,,,,,,,,Barus,Pannai,,,,,Sukadana,?,?,Muara Teweh,?,,?,,,,,,?,,Biak,Jayapura,Wewak,,,,,,,,,,
,,,,Fakaofo,,,,,,,,,,,,,,,,,,,,,,,Chan Chan,Kashamarka,^,Pucallpa,Cruzeiro do Sul,Boca do Acre,Caruari,Lábrea,Lábrea,Humaitá,Apuí,Apuí,Itaituba,Altamira,São Félix do Xingu,Vila da Palma,Porto Real,Porto das Caraíbas,São Raimundo Nonato,Oeiras,Passagem,Caruaru,Recife,,,,,,,,,,,,,,,,,,,,Sangatanga,Mayumba,Masuku,Mbé,Wangata,Boende,Opala,Riba Riba,Ngoma,,Nyanza,,,^,^,Lamu,Kismaayo,,,,,,,,,,,,,,,,,,,,,,,,,,,,,,,,Pagaruyung,Dharmasraya,Jambi,Jambi,,,,Ketapang,Pangkalan Bun,Kuta Lingga,Banjarmasih,,Malangke,?,,,?,,Wanin,?,^,^,^,Madang,,Kimbe,Simpson Harbour,,,,,,
,Funafuti,,,,,,,,,,,,,,,,,,,,,,,,,,^,Wanakupampa,^,^,Atalaya,Rio Branco,Ingavi,Riberalta,Porto Velho,Porto Velho,Novo Aripuanã,Aripuanã,Juara,Alta Floresta,São Félix do Araguaia,Gurupi,Arraias,Campo Largo,Jacobina,Juazeiro,São Cristóvão,Vila Santa Madalena,,,,,,,,,,,,,,,,,,,,,,Bwali,Malemba,Nkuna,Bolobo,Dekese,Lodja,Kindu,Rusozi,^,Kitega,,,Getembe,Olpurapurana,Malindi,,,,,,,,,Victoria,,,,,,,,,,,,,,,,,,,,,,,,,^,?,Srivijaya,?,,,,,,,,Makassar,,Butung,,,,,,,?,Mount Hagen,^,Morobe Harbour,,,,Luaniua,,,,
,,,,,,,,,,,,,,Tai Pi,,,,,,,,,,,,,Manchan,^,Wankayuq,^,Puerto Maldonado,Cobija,Puerto Rico,Rurrenabaque,Guajará-Mirim,Forte Príncipe da Beira,Vila Rondônia,Comodoro,Diamantino,Sinop,Araguaiana,São Miguel do Araguaia,São José do Tocantins,Carinhanha,Caetité,Feira de Santana,São Salvador da Bahia,,,,,,,,,,,,,,,,,,,,,,,,Kiengele,M'banza-Nsundi,Okango,Ilebo,Nsheng,Nyangwe,Bomani,,^,Mwanza,Unyanyembe,^,Mombasa,,,,,,,,,,,,,,,,,,,,,,,,,,,,,,,,,,,,^,?,Menggala,,,,,,,,,,,,,?,,?,,Merauke,?,,Port Moresby,Samarai,,,,,Mungiki,,
,,,,,,,,,,,,,,,,,,,,,,,,,,,,Pachakamaq,^,^,^,^,^,San Borja,Santa Ana del Yacuma,Magdalena,Vilhena,Vila Bela,Vila Maria do Paraguai,Cuiabá,Poxoréu,Vila Boa de Goiás,Brasília,Januária,Montes Claros,Arraial da Conquista,Ilhéus,,,,,,,,,,,,,,,,,,,,,,,,Mpinda,M'banza-Kongo,M'banza-Mbata,M'banza-Mashita,Mpengie,Katende,Kasongo,,Ujiji,Urambo,Tabora,Arusha,Tanga,,Zanzibar,,,,,,,,,,,,,,,,,,,,,,,,,,,,,,,,,,,,,,Sundapura,Pekalongan,Jepara,Kahuripan,,,,Dompo,,?,,,,,,,,,,,,,,,,,
,,,,,,,,,,,,,,,,,,,,,,,,,,,,Inkawasi,Willkawaman,Willkapampa,Qusqu,Raqch'i,^,San Ignacio de Moxos,Trinidad,Concepción de Santa Cruz,San Ignacio de Velasco,San Matías,Vila Maria do Paraguai,Cuiabá,Jataí,Goiânia,Caldas Novas,Paracatu,Diamantina,^,Porto Seguro,,,,,,,,,,,,,,,,,,,,,,,,Mbanza-Bumbe,Mbwila,Yaka,Mwaka Kumbana,Mai Munene,Mwibele,Kiambi,,Sumbawanga,,Manyoni,Mpwapwa,Kaole,,,,,,,,,,,,,,,,,,,,,,,,,,,,,,,,,,,,,,,Banten,Pakuan Pajajaran,^,Yogyakarta,Dahanapura,Banger,Bedulu,,,?,,,,,,,,Thursday Island,,,,,,,,,,
,,,,Ta'u,,,,,,,,,,,,,,,,,,,,,,,,,Pukatampu,^,^,Hatunqulla,^,^,^,Santa Rosa del Sara,San Miguel de Velasco,Puerto Quijarro,Corumbá,Coxim,Chapadão do Sul,Rio Verde,Uberaba,Araxá,Vila Rica,^,Vitória,,,,,,,,,,,,,,,,,,,,,,,,Lwanda,Kabasa,Matamba,Shah-Muteba,Musumba,^,,Kanyembo,^,Mbande,^,Kalenga,Mzizima,Kilwa,,,,,,,,,,,,,,,,,,,,,,,,,,,,,,,,,,,,,,,,,,,,,,,,,,,?,Port Essington,,,Aurukun,,,,,,,,,Makata,
,Lautoka,,,,,,,,,Taputapuatea,,,,,,,,,,,,,,,,,,,,Mawk'allaqta,Ariqipaya,^,,Chuqyapo Marka,^,^,San José de Chiquitos,Puerto Suárez,Miranda,Campo Grande,Três Lagoas,Paranaíba,São José do Rio Preto,Ribeirão Preto,^,Juiz de Fora,Campos,,,,,,,,,,,,,Jamestown,,,,,,,,,,,Kissonde,Halà-Vala,Kasanje,Shinje,Inshindi,Bunkeya,Mwansabombwe,,Ng’wena,^,,Songea,Masasi,Lindi,,,,,,,,,,,,,,,,,,,,,,,,,,,,,,,,,,,,,,,,,,,,,,,,Kalumburu,,Palmerston,Katherine,Numbulwar,,,Kowanyama,Cooktown,,,,,,,,,
,,,,,Alofi,,,,,,,Tautira,,,,,,,,,,,,,,,,,,,,Mukiwa,^,Pariya,Q'ochapampa,^,Fortín López de Filippis,Fuerte Borbón,Ponta Porã,Dourados,Nova Andradina,Presidente Prudente,Bauru,São Paulo,São José dos Campos,Rio de Janeiro,,,,,,,,,,,,,,,,,,,,,,,,Ombaka,Nganda-ya-Kawe,^,Bihe,Moshiko,Balovale,Mwinilunga,Ndola,Mpika,Boma,Mzimba,,Metangula,Lujenda,Mikindani,,,,,,Diego-Suarez,,,,,,,,,,,,,,,,,,,,,,,,,,,,,,,,,,,,,,,,,Lombadina,Wyndham,Kununurra,Timber Creek,Mataranka,Ngukurr,Borroloola,,Karumba,Cairns,,,,,,,Uvea,,
,,,Mu'a,,,,,,,,,,,,,,,,,,,,,,,,,,,,,,Ariaka,^,^,^,Fuerte Boquerón,Villa Occidental,Concepción,Iguatemi,Maringá,Castro,Sorocaba,São Vicente,,,,,,,,,,,,,,,,,,,,,,,,,,Ndombe,Kalukembe,Kakonda,Chitembo,Kovongo,Mongu,Mankoya,Ing'ombe Ilede,Katete,Maano,Nkhotakota,,Lichinga,Whampula,Ibo,,,,,Mahajanga,^,,,,,,,,,,,,,,,,,,,,,,,,,,,,,,,,,,,,,,,,Broome,Derby,Fitzroy Crossing,Halls Creek,Wave Hill,Daly Waters,?,?,Burketown,Normanton,Ingham,Townsville,,,,,,,?,
,,,,,,,,,Avarua,,,,,,,Rikitea,,,,,,,,,,,,,,,,,Tarapaka,Lickan,^,Jujuy,Rivadavia,Vuelta Fermosa,Asunción,Puerto Flor de Lis,Vila Iguassu,Guarapuava,Curitiba,,,,,,,,,,,,,,,,,,,,,,,,,,,Mossungo-Bitoto,Kaluvango,Ondjiva,Vunonge,Kwito Kwanavale,Sioma,Mwandi,Isamu Pati,Chedzugwe,Zvongombe,Mankhamba,Manthimba,^,Angoci,Mozambique,,,,Besalampy,Marovoay,Louisbourg,,,,,,Port Louis,,,,,,,,,,,,,,,,,,,,,,,,,,,,,,,,Port Hedland,Condon,Marble Bar,?,?,?,Tanami,Tennant Creek,Avon Downs,Camooweal,Mount Isa,Cloncurry,Charters Towers,Mackay,Rockhampton,,,,,,,
,,,,,,,,,,,,,,,,,,,,Hanga Roa,,,,,,,,,,,,,Antofagasti,^,^,Salta,Santiago del Estero,San Fernando,Pilar,Encarnación,Corpus Christi,Lajes,Desterro,,,,,,,,,,,,,,,,,,,,,,,,,,,Möwebucht,Opuwo,Otavi,Otjivanda,Nkurenkuru,Nokaneng,Luhonono,Bambusi,Dhlo-Dhlo,Ziwa,^,Sena,Quelimane,,,,,,Maintirano,Alasora,Tamatave,,,,Saint-Denis,,,,,,,,,,,,,,,,,,,,,,,,,,,,,,,,Onslow,Dampier,Cossack,?,Telfer,?,?,?,^,Ti-Tree,?,?,Boulia,Winton,Tambo,Emerald,Gladstone,Bundaberg,,,,,,
,,,,,,,,,,,,,,,,,,,,,,,,,,,,,,,,,Qupayapu,^,Catamarca,Tucumán,Santiago del Estero,San Jerónimo del Rey,Corrientes,Trinchera de San José,São Miguel das Missões,Passo Fundo,,,,,,,,,,,,,,,,,,,,,,,,,,,,,^,Okahandja,Otjivanda,Tsumkwe,Maun,Kasane,Domboshaba,Khami,Zimbabwe,Matendere,Sofala,,,,,,Andakabe,Fianarantsoa,^,,,,,,,,,,,,,,,,,,,,,,,,,,,,,,,,,,,,,Coral Bay,Paraburdoo,^,Mount Newman,?,?,?,?,Kintore,Stuart,?,Bedourie,?,?,?,?,Nanango,Hervey Bay,,,,,,
,,,,,,,,,,,,,,,,,,,,,,,,,,,,,,,,,Qulqi Tampu,^,La Rioja,,Rafaela,Goya,Concordia,Alegrete,Santa Maria,Porto Alegre,,,,,,,,,,,,,,,,,,,,,,,,,,,,,Ezorongondo,Otjomuise,Epako,Ghanzi,Kang,Letlhakane,Toutswemogala,Melora,Mapungubwe,Thulamela,Manyikeni,,,,,,Fiherenana,Ihosy,^,,,,,,,,,,,,,,,,,,,,,,,,,,,,,,,,,,,,,Carnarvon,Meekatharra,Wiluna,?,?,Warburton,?,?,Docker River,Mutitjulu,Finke,Birdsville,Windorah,Quilpie,Charleville,Dalby,Toowoomba,Brisbane,,,,,,
,,,,,,,,,,,,,,,,,,,,,,,,,,,,,,,,,Kanannay,^,San Juan de la Frontera,Córdoba,Santa Fe de la Vera Cruz,Paraná,Salto Oriental,Melo,Pelotas,,,,,,,,,,,,,,,,,,,,,,,,,,,,,,Nomabeb,ǀAnes,Marienthal,Hukuntsi,Ntsweng,Moshaweng,Kaditshwene,KwaMnyamana,Moxomatsi,Mandlakazi,Inhambane,,,,,,,Fort-Dauphin,,,,,,,,,,,,,,,,,,,,,,,,,,,,,,,,,,,,,,Geraldton,Mount Magnet,Leinster,?,?,?,?,?,?,Coober Pedy,,?,Tibooburra,?,Cunnamulla,St. George,Warwick,Ballina,,,,,,
,,,,,,,,,,,,,,,,,,,,,,,,,,,,,,,,,Q'illu Uta,^,Mendoza,San Luis,Rosario,Concepción del Uruguay,Colonia del Sacramento,Montevideo,,,,,,,,,,,,,,,,,,,,,,,,,,,,,,,Angra Pequena,^,Nu-gouses,Tsabong,Dithakong,Morokweng,Matlwang,Kweneng,Bulawayo,KaMpfumu,,,,,,,,,,,,,,,,,,,,,,,,,,,,,,,,,,,,,,,,,,,,,,Cervantes,Northam,Merredin,Kalgoorlie,?,?,?,?,?,?,?,?,?,?,Bourke,Moree,^,Coffs Harbour,,,,,,
,,,,,,,,,,,,,,,,,,,,,,,,,,,,,,,,,Mapu Chuco,^,Tunuyán,Las Pugas,Fuerte El Petroso,Buenos Aires,,,,,,,,,,,,,,,,,,,,,,,,,,,,,,,,,,O'okiep,Bassonsdrif,Griekwastad,Vooruitzigt,Thaba 'Nchu,Thaba Bosiu,^,Port Natal,,,,,,,,,,,,,,,,,,,,,,,,,,,,,,,,,,,,,,,,,,,,,,,,Perth,Coolgardie,Norseman,Cocklebiddy,Eucla,Nullarbor,Penong,Ceduna,?,?,Broken Hill,?,?,?,Bathurst,Newcastle,Port Macquarie,,,,,,
Ruapekapeka,,,,,,,,,,,,,,,,,,,,,,,,,,,,,,,,,^,^,Fuerte San Rafael del Diamante,Santa Rosa del Toey,Azul,San Miguel del Monte,La Plata,,,,,,,,,,,,,,,,,,,,,,,,,,,,,,,,,,Vanrhynsdorp,Calvinia,Graaff-Reinet,^,^,Queenstown,Umtata,,,,,,,,,,,,,,,,,,,,,,,,,,,,,,,,,,,,,,,,,,,,,,,Bunbury,Frederick Town,Mary Ann Harbour,Esperance,,,,,Flinders,Cowell,Whyalla,Port Augusta,?,?,Orange,^,Sydney,,,,,,,
,Rangiriri,,,,,,,,,,,,,,,,,,,,,,,,,,,,,,,Concepción,^,Zapala,Confluencia,Choele Choel,Río Colorado,Bahía Blanca,Mar del Plata,,,,,,,,,,,,,,,,,,,,,,,,,,,,,,,,,Kaapstad,Swellendam,Oudtshoorn,Plettenbergbaai,Uitenhage,Grahamstown,Port Rex,,,,,,,,,,,,,,,,,,,,,,,,,,,,,,,,,,,,,,,,,,,,,,,,,,,,,,,,,Port Lincoln,,Port Pirie,Mildura,Shepparton,Albury,^,Queanbeyan,,,,,,,
,?,?,,,,,,,,,,,,,,,,,,,,,,,,,,,,,,Fuerte Recabarren,^,Bariloche,Sierra Colorada,Las Grutas,Carmen de Patagones,,,,,,,,,,,,,,,,,,,,,,,,,,,,,,,,,,,,,,,,,,,,,,,,,,,,,,,,,,,,,,,,,,,,,,,,,,,,,,,,,,,,,,,,,,,,,,,,,,,,Adelaide,Horsham,Bendigo,^,Cooma,Eden,,,,,,,
Parihaka,,,,,,,,,,,,,,,,,,,,,,,,,,,,,,,,Valdivia,Puerto Montt,^,Esquel,Rawson,,,,,,,,,,,,,,,,,,,,,,,,,,,,,,,,,,,,,,,,,,,,,,,,,,,,,,,,,,,,,,,,,,,,,,,,,,,,,,,,,,,,,,,,,,,,,,,,,,,,,,Warrnambool,Ballaarat,Melbourne,Traralgon,,,,,,,,
,Pôneke,,,,,,,,,,,,,,,,,,,,,,,,,,,,,,,,^,^,Manantiales,Camarones,,,,,,,,,,,,,,,,,,,,,,,,,,,,,,,,,,,,,,,,,,,,,,,,,,,,,,,,,,,,,,,,,,,,,,,,,,,,,,,,,,,,,,,,,,,,,,,,,,,,,,,,,,,,,,,,,
Whakatû,,,,,,,,,,,,,,,,,,,,,,,,,,,,,,,,,^,Coyhaique,Comodoro Rivadavia,,,,,,,,,,,,,,,,,,,,,,,,,,,,,,,,,,,,,,,,,,,,,,,,,,,,,,,,,,,,,,,,,Port-aux-Français,,,,,,,,,,,,,,,,,,,,,,,,,,,,,,,,,,,,,,,,Burnie,Launceston,,,,,,,,?
Kaiapoi,,,,,,,,,,,,,,,,,,,,,,,,,,,,,,,,,,O'Higgins,Cañadón León,Puerto Deseado,,,,,,,,,,,,,,,,,,,,,,,,,,,,,,,,,,,,,,,,,,,,,,,,,,,,,,,,,,,,,,,,,,,,,,,,,,,,,,,,,,,,,,,,,,,,,,,,,,,,,,,,,Hobart,,,,,,,,^
,,,,,,,,,,,,,,,,,,,,,,,,,,,,,,,,,^,El Calafate,Río Gallegos,,,,Stanley,,,,,,,,,,,,,,,,,,,,,,,,,,,,,,,,,,,,,,,,,,,,,,,,,,,,,,,,,,,,,,,,,,,,,,,,,,,,,,,,,,,,,,,,,,,,,,,,,,,,,,,,,,,,,^,Huriawa
,,,,,,,,,,,,,,,,,,,,,,,,,,,,,,,,,,Puerto Natales,Punta Arenas,,,,,,,,,,,,,,,,,,,,,,,,,,,,,,,,,,,,,,,,,,,,,,,,,,,,,,,,,,,,,,,,,,,,,,,,,,,,,,,,,,,,,,,,,,,,,,,,,,,,,,,,,,,,,,,,,Piopiotahi,Pukekura
,,,,,,,,,,,,,,,,,,,,,,,,,,,,,,,,,,,Ushuaia,Rio Grande,,,,,,,,,,,,,King Edward Point,,,,,,,,,,,,,,,,,,,,,,,,,,,,,,,,,,,,,,,,,,,,,,,,,,,,,,,,,,,,,,,,,,,,,,,,,,,,,,,,,,,,,,,,,,,,,,,,,,,,
,,,,,,,,,,,,,,,,,,,,,,,,,,,,,,,,,,,,,,,,,,,,,,,,,,,,,,,,,,,,,,,,,,,,,,,,,,,,,,,,,,,,,,,,,,,,,,,,,,,,,,,,,,,,,,,,,,,,,,,,,,,,,,,,,,,,,,,,,,,,,,,,,,,,,
,,,,,,,,,,,,,,,,,,,,,,,,,,,,,,,,,,,,,,,,?,,,,,,,,,,,,,,,,,,,,,,,,,,,,,,,,,,,,,,,,,,,,,,,,,,?,?,?,?,?,?,?,,,,,,,,,,,,,,,,,,,,,?,?,?,?,?,,,?,?,,,,,,,,,,,,,,,,,,,,,,,,
,,,,,,,,,,,,,,,,,,,,,,,,,,,,,,,,,,,,,,,?,?,,,,,,,,,,,,,,,,,,,,,,,,,,,,,,,,,,,,,?,?,?,?,?,?,?,?,?,?,?,?,?,?,?,?,?,?,?,?,?,?,?,?,?,,,,,?,?,?,?,?,?,?,?,?,?,?,?,?,?,?,?,?,?,?,?,?,?,,?,?,?,?,,,,,,,,,,,,,,,,,
